{
    "seed": 42,
    "number_of_clients": 50,
    "number_of_samples_of_each_labels_by_clients": 30,
    "cfl_before_cluster_rounds": 20,
    "cfl_after_cluster_rounds": 30,
    "cfl_local_epochs": 10,
    "number_of_clusters": 5,
    "output": "labelskew",
    "heterogeneity": "labels_distribution_skew",
    "type": "server_side",
    "silhouette": 0.8252351802361928,
    "avg_intra_dist": 0.03368419307024346,
    "duhn_index": 3.6216536580559033,
    "davies_bouldin_index": 0.13558908895114602,
    "Cluster 0": {
        "num_members": 1,
        "accuracy": 92.5,
        "std": 0.0,
        "members_heterogeneity": {
            "0.4": 2,
            "3.0": 1,
            "4.0": 1
        }
    },
    "Cluster 1": {
        "num_members": 3,
        "accuracy": 88.01564722617354,
        "std": 3.040211246063965,
        "members_heterogeneity": {
            "0.0": 1,
            "0.1": 2,
            "0.2": 4,
            "7.0": 2,
            "8.0": 2,
            "9.0": 1
        }
    },
    "Cluster 2": {
        "num_members": 1,
        "accuracy": 89.74358974358975,
        "std": 0.0,
        "members_heterogeneity": {
            "0.3": 2,
            "5.0": 1,
            "6.0": 1
        }
    },
    "Cluster 3": {
        "num_members": 18,
        "accuracy": 91.34686258833432,
        "std": 2.569588792335556,
        "members_heterogeneity": {
            "0.0": 6,
            "0.1": 12,
            "0.2": 4,
            "0.3": 6,
            "0.4": 4,
            "0.5": 10,
            "1.0": 5,
            "2.0": 5,
            "3.0": 2,
            "4.0": 2,
            "5.0": 3,
            "6.0": 3,
            "7.0": 2,
            "8.0": 2,
            "9.0": 6
        }
    },
    "Cluster 4": {
        "num_members": 27,
        "accuracy": 92.44446425732977,
        "std": 2.8335430754651556,
        "members_heterogeneity": {
            "0.0": 3,
            "0.1": 6,
            "0.2": 12,
            "0.3": 12,
            "0.4": 14,
            "0.5": 10,
            "1.0": 5,
            "2.0": 5,
            "3.0": 7,
            "4.0": 7,
            "5.0": 6,
            "6.0": 6,
            "7.0": 6,
            "8.0": 6,
            "9.0": 3
        }
    }
}