{
    "seed": 42,
    "number_of_clients": 48,
    "number_of_samples_of_each_labels_by_clients": 10,
    "cfl_before_cluster_rounds": 20,
    "cfl_after_cluster_rounds": 30,
    "cfl_local_epochs": 10,
    "number_of_clusters": 4,
    "output": "rotation",
    "heterogeneity": "concept_shift_on_features",
    "type": "server_side",
    "silhouette": 0.9371501629918256,
    "avg_intra_dist": 0.017441308138737125,
    "duhn_index": 9.896144359649178,
    "davies_bouldin_index": 0.08300319480333149,
    "Cluster 0": {
        "num_members": 12,
        "accuracy": 88.6111111111111,
        "std": 6.303780954394562,
        "members_heterogeneity": {
            "270": 12
        }
    },
    "Cluster 1": {
        "num_members": 12,
        "accuracy": 86.94444444444444,
        "std": 4.606423319938052,
        "members_heterogeneity": {
            "180": 12
        }
    },
    "Cluster 2": {
        "num_members": 12,
        "accuracy": 87.77777777777779,
        "std": 4.157397096415487,
        "members_heterogeneity": {
            "90": 12
        }
    },
    "Cluster 3": {
        "num_members": 12,
        "accuracy": 90.83333333333333,
        "std": 5.292377467571569,
        "members_heterogeneity": {
            "0": 12
        }
    }
}